tableA_title, tableA_author, tableB_title, tableB_author
To Kill a Mockingbird,Harper Lee,To Kill a Mockingbird,Harper Lee
Jane Eyre,Charlotte Brontë,Jane Eyre,Charlotte Bronte
The Absolutely True Diary of a Part-Time Indian,Sherman Alexie,The Absolutely True Diary of a Part-Time Indian,Sherman Alexie and 
The Very Hungry Caterpillar,Eric Carle,The Very Hungry Caterpillar,Eric Carle
Sapiens: A Brief History of Humankind,Yuval Noah Harari,Sapiens: A Brief History of Humankind,Yuval Noah Harari
A Wrinkle in Time (A Wrinkle in Time Quintet #1),Madeleine L'Engle,A Wrinkle in Time Movie Tie-In Edition (A Wrinkle in Time Quintet),Madeleine L'Engle
A Wrinkle in Time (A Wrinkle in Time Quintet #1),Madeleine L'Engle,A Wrinkle in Time (Time Quintet),Madeleine L'Engle
A Wrinkle in Time (A Wrinkle in Time Quintet #1),Madeleine L'Engle,The Wrinkle in Time Quintet Boxed Set (A Wrinkle in Time A Wind in the Door A Swiftly Tilting Planet Many Waters An Acceptable Time),Madeleine L'Engle
A Wrinkle in Time (A Wrinkle in Time Quintet #1),Madeleine L'Engle,A Wrinkle in Time: The Graphic Novel,Madeleine L'Engle and 
A Wrinkle in Time (A Wrinkle in Time Quintet #1),Madeleine L'Engle,Wrinkle in Time / Wind in the Door / Swiftly Tiltling Planet,Madeleine L'Engle
A Wrinkle in Time (A Wrinkle in Time Quintet #1),Madeleine L'Engle,A Wind in the Door (A Wrinkle in Time Quintet),Madeleine L'Engle
A Wrinkle in Time (A Wrinkle in Time Quintet #1),Madeleine L'Engle,A Wrinkle in Time: 50th Anniversary Commemorative Edition (A Wrinkle in Time Quintet),Madeleine L'Engle
A Wrinkle in Time (A Wrinkle in Time Quintet #1),Madeleine L'Engle,A Swiftly Tilting Planet (A Wrinkle in Time Quintet),Madeleine L'Engle
A Wrinkle in Time (A Wrinkle in Time Quintet #1),Madeleine L'Engle,A Wrinkle in Time (A Wrinkle in Time Quintet Book 1),Madeleine L'Engle
A Man Called Ove,Fredrik Backman,A Man Called Ove: A Novel,Fredrik Backman
The Fault in Our Stars,John Green,The Fault in Our Stars,John Green
The Book Thief,Markus Zusak,The Book Thief,Markus Zusak
The Perks of Being a Wallflower,Stephen Chbosky,The Perks of Being a Wallflower,Stephen Chbosky
The Stranger Beside Me: Ted Bundy The Shocking Inside Story,Ann Rule,The Stranger Beside Me,Ann Rule
The Mark of Athena (The Heroes of Olympus #3),Rick Riordan,Magnus Chase and the Gods of Asgard Book 3 The Ship of the Dead,Rick Riordan
Harry Potter Boxset (Harry Potter #1-7),J.K. Rowling,Harry Potter Paperback Box Set (Books 1-7),J. K. Rowling and 
The Case for Christ,Lee Strobel,The Case for Christ: A Journalist's Personal Investigation of the Evidence for Jesus (Case for ... Series),Lee Strobel
Thinking Fast and Slow,Daniel Kahneman,Thinking Fast and Slow,Daniel Kahneman
Brave New World,Aldous Huxley,Brave New World,Aldous Huxley
Americanah,Chimamanda Ngozi Adichie,Americanah,Chimamanda Ngozi Adichie
Emotional Intelligence 2.0: With Access Code,Travis Bradberry,Emotional Intelligence 2.0,Travis Bradberry and 
The Gulag Archipelago 1918-1956,Aleksandr Solzhenitsyn,The Gulag Archipelago Abridged: An Experiment in Literary Investigation (P.S.),Aleksandr Solzhenitsyn
Where the Red Fern Grows,Wilson Rawls,Where the Red Fern Grows,Wilson Rawls
Diary of a Wimpy Kid (Diary of a Wimpy Kid #1),Jeff Kinney,Diary of a Wimpy Kid #11: Double Down,Jeff Kinney
Diary of a Wimpy Kid (Diary of a Wimpy Kid #1),Jeff Kinney,Diary of a Wimpy Kid #10: Old School,Jeff Kinney
Diary of a Wimpy Kid (Diary of a Wimpy Kid #1),Jeff Kinney,Diary of a Wimpy Kid Book 1,Jeff Kinney
The Son of Neptune (The Heroes of Olympus #2),Rick Riordan,The Heroes of Olympus Paperback Boxed Set,Rick Riordan and 
The Chronicles of Narnia (Chronicles of Narnia #1-7),C.S. Lewis,The Lion the Witch and the Wardrobe (The Chronicles of Narnia), C. S. Lewis
The Hero With a Thousand Faces,Joseph Campbell,The Hero with a Thousand Faces (The Collected Works of Joseph Campbell),Joseph Campbell
The Power of a Praying Wife,Stormie Omartian,The Power of a Praying® Wife,Stormie Omartian
On the Banks of Plum Creek  (Little House #4),Laura Ingalls Wilder,The Little House (9 Volumes Set),Laura Ingalls Wilder and 
The House of Hades (The Heroes of Olympus #4),Rick Riordan,The Heroes of Olympus Paperback Boxed Set,Rick Riordan and 
The One and Only Ivan,Katherine Applegate,The One and Only Ivan,Katherine Applegate and 
The Long Winter (Little House #6),Laura Ingalls Wilder,The Little House (9 Volumes Set),Laura Ingalls Wilder and 
Catching Fire (The Hunger Games #2),Suzanne Collins,The Hunger Games,Suzanne Collins
The Artist's Way,Julia Cameron,The Artist's Way: 25th Anniversary Edition,Julia Cameron
The Power of Habit: Why We Do What We Do in Life and Business,Charles Duhigg,The Power of Habit: Why We Do What We Do in Life and Business,Charles Duhigg
Think and Grow Rich,Napoleon Hill,Think and Grow Rich: The Original an Official Publication of The Napoleon Hill Foundation,Napoleon Hill
Think and Grow Rich,Napoleon Hill,Think And Grow Rich,Napoleon Hill
The Blood of Olympus (The Heroes of Olympus #5),Rick Riordan,The Heroes of Olympus Paperback Boxed Set,Rick Riordan and 
Romeo and Juliet,William Shakespeare,Romeo and Juliet (No Fear Shakespeare),William Shakespeare
Man's Search for Meaning,Viktor E. Frankl,Man's Search for Meaning,Viktor E. Frankl and 
A Game of Thrones (A Song of Ice and Fire #1),George R.R. Martin,A Game of Thrones / A Clash of Kings / A Storm of Swords / A Feast of Crows / A Dance with Dragons,George R. R. Martin
The Complete Anne of Green Gables Boxed Set (Anne of Green Gables #1-8),L.M. Montgomery,Anne of Green Gables: illustrated - first published in 1908 (1st. Page Classics),Lucy Maud Montgomery
Fifty Shades Darker (Fifty Shades #2),E.L. James,Fifty Shades Trilogy (Fifty Shades of Grey / Fifty Shades Darker / Fifty Shades Freed),E L James
Fifty Shades Darker (Fifty Shades #2),E.L. James,Darker: Fifty Shades Darker as Told by Christian (Fifty Shades of Grey),E L James
The Return of the King (The Lord of the Rings #3),J.R.R. Tolkien,The Hobbit and the Lord of the Rings (the Hobbit / the Fellowship of the Ring / the Two Towers / the,J.R.R. Tolkien
Lord of the Flies,William Golding,Lord of the Flies,William Golding and 
Out of My Mind,Sharon M. Draper,Out of My Mind,Sharon M. Draper
The Last Battle (Chronicles of Narnia #7),C.S. Lewis,The Lion the Witch and the Wardrobe (The Chronicles of Narnia), C. S. Lewis
Into the Wild (Warriors #1),Erin Hunter,Warriors Box Set: Volumes 1 to 6: The Complete First Series (Warriors: The Prophecies Begin),Erin Hunter
Into the Wild (Warriors #1),Erin Hunter,Warriors: The New Prophecy Box Set: Volumes 1 to 6: The Complete Second Series,Erin Hunter
Animal Farm / 1984,George Orwell,Animal Farm: 1984,George Orwell and 
Love You Forever,Robert Munsch,Love You Forever,Robert Munsch and 
When Things Fall Apart: Heart Advice for Difficult Times,Pema Chödrön,When Things Fall Apart: Heart Advice for Difficult Times,Pema Chodron
The Power of a Praying Woman,Stormie Omartian,The Power of a Praying® Wife,Stormie Omartian
Winter of the World (The Century Trilogy #2),Ken Follett,Fall of Giants: Book One of the Century Trilogy,Ken Follett
Harry Potter and the Deathly Hallows (Harry Potter #7),J.K. Rowling,Harry Potter and the Deathly Hallows (Book 7),J. K. Rowling
The Two Towers (The Lord of the Rings #2),J.R.R. Tolkien,The Hobbit and the Lord of the Rings (the Hobbit / the Fellowship of the Ring / the Two Towers / the,J.R.R. Tolkien
A Dog's Purpose (A Dog's Purpose #1),W. Bruce Cameron,A Dog's Purpose: A Novel for Humans,W. Bruce Cameron
Little Town on the Prairie  (Little House #7),Laura Ingalls Wilder,The Little House (9 Volumes Set),Laura Ingalls Wilder and 
One Fish Two Fish Red Fish Blue Fish,Dr. Seuss,Dr. Seuss's Beginner Book Collection (Cat in the Hat One Fish Two Fish Green Eggs and Ham Hop on Pop Fox in Socks),Seuss
One Fish Two Fish Red Fish Blue Fish,Dr. Seuss,One Fish Two Fish Red Fish Blue Fish (I Can Read It All by Myself),Dr. Seuss and 
The Kite Runner,Khaled Hosseini,The Kite Runner,Khaled Hosseini
The Boy in the Striped Pajamas,John Boyne,The Boy in the Striped Pajamas,John Boyne
Fever 1793,Laurie Halse Anderson,Fever 1793,Laurie Halse Anderson
Anne of Avonlea (Anne of Green Gables #2),L.M. Montgomery,Anne of Green Gables: illustrated - first published in 1908 (1st. Page Classics),Lucy Maud Montgomery
Mockingjay (The Hunger Games #3),Suzanne Collins,The Hunger Games,Suzanne Collins
The Giving Tree,Shel Silverstein,The Giving Tree,Shel Silverstein
The Power of a Praying Parent,Stormie Omartian,The Power of a Praying® Wife,Stormie Omartian
The Lincoln Lawyer (Mickey Haller #1; Harry Bosch Universe #17),Michael Connelly,The Black Box (Harry Bosch),Michael Connelly
The Lincoln Lawyer (Mickey Haller #1; Harry Bosch Universe #17),Michael Connelly,The Drop (A Harry Bosch Novel),Michael Connelly
The Lincoln Lawyer (Mickey Haller #1; Harry Bosch Universe #17),Michael Connelly,The Black Ice (Harry Bosch),Michael Connelly
Coinman: An Untold Conspiracy,Pawan Mishra,Coinman: An Untold Conspiracy,Pawan Mishra
The Power of Praying for Your Adult Children,Stormie Omartian,The Power of a Praying® Wife,Stormie Omartian
In Cold Blood,Truman Capote,In Cold Blood,Truman Capote
Naked in Death (In Death #1),J.D. Robb,Echoes in Death: Chapter 1,J. D. Robb
The Power of a Praying Husband,Stormie Omartian,The Power of a Praying® Wife,Stormie Omartian
The 4-Hour Workweek,Timothy Ferriss,The 4-Hour Workweek: Escape 9-5 Live Anywhere and Join the New Rich,Timothy Ferriss
The Silver Chair (Chronicles of Narnia #4),C.S. Lewis,The Lion the Witch and the Wardrobe (The Chronicles of Narnia), C. S. Lewis
Smile,Raina Telgemeier,Smile,Raina Telgemeier
J.R.R. Tolkien 4-Book Boxed Set: The Hobbit and The Lord of the Rings,J.R.R. Tolkien,The Hobbit and the Lord of the Rings (the Hobbit / the Fellowship of the Ring / the Two Towers / the,J.R.R. Tolkien
The Glass Castle,Jeannette Walls,The Glass Castle: A Memoir,Jeannette Walls
Percy Jackson and the Olympians (Percy Jackson and the Olympians #1-3),Rick Riordan,Percy Jackson and the Olympians 5 Book Paperback Boxed Set (new covers w/poster) (Percy Jackson & the Olympians),Rick Riordan and 
The Screwtape Letters,C.S. Lewis,The Screwtape Letters,C. S. Lewis
Anne of the Island (Anne of Green Gables #3),L.M. Montgomery,Anne of Green Gables: illustrated - first published in 1908 (1st. Page Classics),Lucy Maud Montgomery
The Storyteller,Jodi Picoult,The Storyteller,Jodi Picoult
The Catcher in the Rye,J.D. Salinger,The Catcher in the Rye,J.D. Salinger
The Catcher in the Rye,J.D. Salinger,The Catcher in the Rye,J.D. Salinger
Let's Pretend This Never Happened: A Mostly True Memoir,Jenny  Lawson,Let's Pretend This Never Happened: A Mostly True Memoir,Jenny Lawson
When Breath Becomes Air,Paul Kalanithi,When Breath Becomes Air,Paul Kalanithi and 
The Complete Tales,Beatrix Potter,Beatrix Potter the Complete Tales (Peter Rabbit),Beatrix Potter
Daring Greatly: How the Courage to Be Vulnerable Transforms the Way We Live Love Parent and Lead,Brené Brown,Daring Greatly: How the Courage to Be Vulnerable Transforms the Way We Live Love Parent and Lead,Brené Brown
Face of Our Father,G Egore Pitir,Face Of Our Father,G. Egore Pitir
Marked (House of Night #1),P.C. Cast,House of Night Books 1-4 (Marked / Betrayed / Chosen / Untamed),P. C. Cast and 
Harry Potter and the Sorcerer's Stone (Harry Potter #1),J.K. Rowling,Harry Potter and the Sorcerer's Stone,J.K. Rowling and 
Harry Potter and the Sorcerer's Stone (Harry Potter #1),J.K. Rowling,Harry Potter and the Sorcerer's Stone: The Illustrated Edition (Harry Potter Book 1),J.K. Rowling and 
Ghost Soldiers: The Epic Account of World War II's Greatest Rescue Mission,Hampton Sides,Ghost Soldiers: The Epic Account of World War II's Greatest Rescue Mission,Hampton Sides
A Swiftly Tilting Planet (A Wrinkle in Time Quintet #3),Madeleine L'Engle,Wrinkle in Time / Wind in the Door / Swiftly Tiltling Planet,Madeleine L'Engle
A Swiftly Tilting Planet (A Wrinkle in Time Quintet #3),Madeleine L'Engle,A Swiftly Tilting Planet (A Wrinkle in Time Quintet),Madeleine L'Engle
Influence: The Psychology of Persuasion,Robert B. Cialdini,Influence: The Psychology of Persuasion Revised Edition,Robert B. Cialdini
Green Eggs and Ham,Dr. Seuss,Green Eggs and Ham,Dr. Seuss
The Tale of Peter Rabbit,Beatrix Potter,The Tale of Peter Rabbit Story Board Book,Beatrix Potter
The Tale of Peter Rabbit,Beatrix Potter,Beatrix Potter the Complete Tales (Peter Rabbit),Beatrix Potter
Fifty Shades Freed (Fifty Shades #3),E.L. James,Fifty Shades Trilogy (Fifty Shades of Grey / Fifty Shades Darker / Fifty Shades Freed),E L James
The Boys in the Boat: Nine Americans and Their Epic Quest for Gold at the 1936 Berlin Olympics,Daniel James Brown,The Boys in the Boat: Nine Americans and Their Epic Quest for Gold at the 1936 Berlin Olympics,Daniel James Brown
Alice's Adventures in Wonderland & Other Stories,Lewis Carroll,Alice's Adventures in Wonderland and Through the Looking-Glass,Lewis Carroll
The Looming Tower: Al-Qaeda and the Road to 9/11,Lawrence Wright,The Looming Tower: Al-Qaeda and the Road to 9/11,Lawrence Wright
The Essential Calvin and Hobbes: A Calvin and Hobbes Treasury,Bill Watterson,The Complete Calvin and Hobbes,Bill Watterson
The New Jim Crow: Mass Incarceration in the Age of Colorblindness,Michelle Alexander,The New Jim Crow:  Mass Incarceration in the Age of Colorblindness,Michelle Alexander and 
Between the World and Me,Ta-Nehisi Coates,Between the World and Me,Ta-Nehisi Coates
Into the Wild,Jon Krakauer,Into the Wild,Jon Krakauer
The Ultimate Hitchhiker's Guide to the Galaxy,Douglas Adams,The Hitchhiker's Guide to the Galaxy,Douglas Adams
With Angel's Wings,Stephanie A. Collins,With Angel's Wings,Stephanie A. Collins and 
Their Eyes Were Watching God,Zora Neale Hurston,Their Eyes Were Watching God,Zora Neale Hurston
The Hate U Give,Angie Thomas,The Hate U Give,Angie Thomas
The Hitchhiker's Guide to the Galaxy: A Trilogy in Four Parts,Douglas Adams,The Hitchhiker's Guide to the Galaxy,Douglas Adams
Proof of Heaven: A Neurosurgeon's Journey into the Afterlife,Eben Alexander,Proof of Heaven: A Neurosurgeon's Journey into the Afterlife,Eben Alexander
Of Mice and Men,John Steinbeck,Of Mice and Men,John Steinbeck
The Autobiography of Malcolm X,Malcolm X,The Autobiography of Malcolm X: As Told to Alex Haley,Malcolm X and 
The Complete Maus (Maus #1-2),Art Spiegelman,The Complete Maus,Art Spiegelman
A People's History of the United States,Howard Zinn,A People's History of the United States,Howard Zinn
The Story of My Life,Helen Keller,The Story of Our Lives: A Novel,Helen Warner
Life the Universe and Everything (Hitchhiker's Guide to the Galaxy #3),Douglas Adams,The Hitchhiker's Guide to the Galaxy,Douglas Adams
The Indian in the Cupboard (The Indian in the Cupboard #1),Lynne Reid Banks,The Indian in the Cupboard,Lynne Reid Banks
The Calvin and Hobbes Tenth Anniversary Book,Bill Watterson,The Complete Calvin and Hobbes,Bill Watterson
The Guardian,Nicholas Sparks,The Guardian,Nicholas Sparks
A Short History of Nearly Everything,Bill Bryson,A Short History of Nearly Everything,Bill Bryson
A Short History of Nearly Everything,Bill Bryson,The Crazy Life of a Kid from Brooklyn: My Crazy Life in history with celebrities with travel & with business.,Bill Morgenstein
Alice's Adventures in Wonderland & Through the Looking-Glass,Lewis Carroll,Alice's Adventures in Wonderland and Through the Looking-Glass,Lewis Carroll
The Lightning Thief (Percy Jackson and the Olympians #1),Rick Riordan,Percy Jackson and the Olympians 5 Book Paperback Boxed Set (new covers w/poster) (Percy Jackson & the Olympians),Rick Riordan and 
Things Fall Apart (The African Trilogy #1),Chinua Achebe,Things Fall Apart,Chinua Achebe
A Storm of Swords: Blood and Gold (A Song of Ice and Fire #3: Part 2 of 2),George R.R. Martin,A Game of Thrones / A Clash of Kings / A Storm of Swords / A Feast of Crows / A Dance with Dragons,George R. R. Martin
Killers of the Flower Moon: The Osage Murders and the Birth of the FBI,David Grann,Killers of the Flower Moon: The Osage Murders and the Birth of the FBI,David Grann
Eat to Live: The Revolutionary Formula for Fast and Sustained Weight Loss,Joel Fuhrman,Eat to Live Quick and Easy Cookbook: 131 Delicious Recipes for Fast and Sustained Weight Loss Reversing Disease and Lifelong Health,Dr. Joel Fuhrman
Eat to Live: The Revolutionary Formula for Fast and Sustained Weight Loss,Joel Fuhrman,Eat to Live: The Amazing Nutrient-Rich Program for Fast and Sustained Weight Loss Revised Edition,Joel Fuhrman
The Hunger Games (The Hunger Games #1),Suzanne Collins,The Hunger Games,Suzanne Collins
The Narrow Road to the Deep North,Richard Flanagan,The Narrow Road to the Deep North,Richard Flanagan
A Brief History of Time,Stephen Hawking,A Brief History of Time,Stephen Hawking
A Brief History of Time,Stephen Hawking,The Illustrated Brief History of Time Updated and Expanded Edition,Stephen William Hawking
Harry Potter and the Prisoner of Azkaban (Harry Potter #3),J.K. Rowling,Harry Potter and the Prisoner of Azkaban: The Illustrated Edition (Harry Potter Book 3),J.K. Rowling and 
Harry Potter and the Prisoner of Azkaban (Harry Potter #3),J.K. Rowling,Harry Potter and the Prisoner of Azkaban,J.K. Rowling and 
Eye of the Needle,Ken Follett,La isla de las tormentas / Eye of the Needle (Best Seller) (Spanish Edition),Ken Follett
Horton Hears a Who!,Dr. Seuss,Horton Hears a Who!,Dr. Seuss
The 48 Laws of Power,Robert Greene,The 48 Laws of Power,Robert Greene
The 7 Habits of Highly Effective People: Powerful Lessons in Personal Change,Stephen R. Covey,The 7 Habits of Highly Effective People: Powerful Lessons in Personal Change,Stephen R. Covey
Wuthering Heights,Emily Brontë,Wuthering Heights,Emily Bronte
How to Win Friends and Influence People,Dale Carnegie,How to Win Friends & Influence People,Dale Carnegie
Lean In: Women Work and the Will to Lead,Sheryl Sandberg,Lean In: Women Work and the Will to Lead,Sheryl Sandberg
Gone with the Wind,Margaret Mitchell,Gone with the Wind,Margaret Mitchell
Six of Crows (Six of Crows #1),Leigh Bardugo,Six of Crows,Leigh Bardugo
The Time Quartet Box Set (Time Quartet #1-4),Madeleine L'Engle,The Wrinkle in Time Quintet Boxed Set (A Wrinkle in Time A Wind in the Door A Swiftly Tilting Planet Many Waters An Acceptable Time),Madeleine L'Engle
The Husband's Secret,Liane Moriarty,The Husband's Secret,Liane Moriarty
The China Study: The Most Comprehensive Study of Nutrition Ever Conducted and the Startling Implications for Diet Weight Loss and Long-term Health,T. Colin Campbell,The China Study: Revised and Expanded Edition: The Most Comprehensive Study of Nutrition Ever Conducted and the Startling Implications for Diet Weight Loss and Long-Term Health,T. Colin Campbell and 
It Ends with Us,Colleen Hoover,It Ends with Us: A Novel,Colleen Hoover
The Case for a Creator: A Journalist Investigates Scientific Evidence That Points Toward God,Lee Strobel,The Case for Christ: A Journalist's Personal Investigation of the Evidence for Jesus (Case for ... Series),Lee Strobel
Being Mortal: Medicine and What Matters in the End,Atul Gawande,Being Mortal: Medicine and What Matters in the End,Atul Gawande
Little House in the Big Woods (Little House #1),Laura Ingalls Wilder,The Little House (9 Volumes Set),Laura Ingalls Wilder and 
The Elements of Style,William Strunk Jr.,The Elements of Style Fourth Edition,William Strunk Jr. and 
Tolkien on Fairy-stories,J.R.R. Tolkien,Tolkien on Fairy-Stories,J.R.R. Tolkien
Fahrenheit 451,Ray Bradbury,Fahrenheit 451,Ray Bradbury
Calvin and Hobbes,Bill Watterson,The Complete Calvin and Hobbes,Bill Watterson
Who Moved My Cheese?,Spencer Johnson,Who Moved My Cheese?: An Amazing Way to Deal with Change in Your Work and in Your Life,Spencer Johnson and 
The Picture of Dorian Gray,Oscar Wilde,The Picture of Dorian Gray (Dover Thrift Editions),Oscar Wilde
Thirteen Reasons Why,Jay Asher,Thirteen Reasons Why,Jay Asher
Harry Potter and the Goblet of Fire (Harry Potter #4),J.K. Rowling,Harry Potter And The Goblet Of Fire,J.K. Rowling and 
It,Stephen King,It,Stephen King
Hatchet,Gary Paulsen,Hatchet,Gary Paulsen
The Adventures of Huckleberry Finn,Mark Twain,The Adventures of Huckleberry Finn (Bantam Classic), Mark Twain
The Hitchhiker's Guide to the Galaxy (Hitchhiker's Guide to the Galaxy #1),Douglas Adams,The Hitchhiker's Guide to the Galaxy,Douglas Adams
Harry Potter and the Order of the Phoenix (Harry Potter #5),J.K. Rowling,Harry Potter And The Order Of The Phoenix,J.K. Rowling and 
Little House on the Prairie (Little House #2),Laura Ingalls Wilder,The Little House (9 Volumes Set),Laura Ingalls Wilder and 
Les Misrables,Victor Hugo,Les Misrables,Victor Hugo
The Four Agreements: A Practical Guide to Personal Freedom,Miguel Ruiz,The Four Agreements: A Practical Guide to Personal Freedom (A Toltec Wisdom Book),Don Miguel Ruiz
Pride and Prejudice,Jane Austen,Pride and Prejudice,Jane Austen
Brave New World / Brave New World Revisited,Aldous Huxley,Brave New World,Aldous Huxley
The Voyage of the Dawn Treader (Chronicles of Narnia #3),C.S. Lewis,The Lion the Witch and the Wardrobe (The Chronicles of Narnia), C. S. Lewis
The Immortal Life of Henrietta Lacks,Rebecca Skloot,The Immortal Life of Henrietta Lacks,Rebecca Skloot
The Remains of the Day,Kazuo Ishiguro,The Remains of the Day (Vintage International),Kazuo Ishiguro
Pippi Longstocking,Astrid Lindgren,Pippi Longstocking,Astrid Lindgren and 
The Alchemist,Paulo Coelho,The Alchemist,Paulo Coelho
Crime and Punishment,Fyodor Dostoyevsky,Crime and Punishment,Fyodor Dostoyevsky
The Purpose Driven Life: What on Earth Am I Here for?,Rick Warren,The Purpose Driven Life: What on Earth Am I Here For?,Rick Warren
Wonder,R.J. Palacio,Wonder,R. J. Palacio
Harry Potter and the Half-Blood Prince (Harry Potter #6),J.K. Rowling,Harry Potter and the Half-Blood Prince (Book 6),J.K. Rowling
The Omnivore's Dilemma: A Natural History of Four Meals,Michael Pollan,The Omnivore's Dilemma: A Natural History of Four Meals,Michael Pollan
The Secret Garden,Frances Hodgson Burnett,The Secret Garden (HarperClassics),Frances Hodgson Burnett
The Stinky Cheese Man and Other Fairly Stupid Tales,Jon Scieszka,The Stinky Cheese Man and Other Fairly Stupid Tales,Jon Scieszka and 
The Hunger Games Trilogy Boxset (The Hunger Games #1-3),Suzanne Collins,The Hunger Games,Suzanne Collins
Memoirs of a Geisha,Arthur Golden,Memoirs of a Geisha: A Novel,Arthur Golden
The Lion the Witch and the Wardrobe (Chronicles of Narnia #1),C.S. Lewis,The Lion the Witch and the Wardrobe (The Chronicles of Narnia), C. S. Lewis
The Devil in the White City: Murder Magic and Madness at the Fair That Changed America,Erik Larson,The Devil in the White City: Murder Magic and Madness at the Fair That Changed America,Erik Larson
The Cat in the Hat,Dr. Seuss,Dr. Seuss's Beginner Book Collection (Cat in the Hat One Fish Two Fish Green Eggs and Ham Hop on Pop Fox in Socks),Seuss
The Cat in the Hat,Dr. Seuss,The Cat in the Hat,Dr. Seuss
The 5 Love Languages: The Secret to Love that Lasts,Gary Chapman,The 5 Love Languages: The Secret to Love that Lasts,Gary Chapman
The Help,Kathryn Stockett,The Help,Kathryn Stockett
My Side of the Mountain (Mountain #1),Jean Craighead George,My Side of the Mountain Trilogy (My Side of the Mountain / On the Far Side of the Mountain / Frightful's Mountain),Jean Craighead George
Guess How Much I Love You,Sam McBratney,Guess How Much I Love You,Sam McBratney and 
Alexander and the Terrible Horrible No Good Very Bad Day,Judith Viorst,Alexander and the Terrible Horrible No Good Very Bad Day,Judith Viorst and 
Outliers: The Story of Success,Malcolm Gladwell,Outliers: The Story of Success,Malcolm Gladwell
The Diary of a Young Girl,Anne Frank,Anne Frank: The Diary of a Young Girl,Anne Frank and 
A Clash of Kings  (A Song of Ice and Fire #2),George R.R. Martin,A Game of Thrones / A Clash of Kings / A Storm of Swords / A Feast of Crows / A Dance with Dragons,George R. R. Martin
The Power of Now: A Guide to Spiritual Enlightenment,Eckhart Tolle,The Power of Now: A Guide to Spiritual Enlightenment,Eckhart Tolle
The Brief Wondrous Life of Oscar Wao,Junot Díaz,The Brief Wondrous Life of Oscar Wao,Junot Díaz
The Color Purple,Alice Walker,The Color Purple,Alice Walker
The Outsiders,S.E. Hinton,The Outsiders,S. E. Hinton
A Storm of Swords (A Song of Ice and Fire #3),George R.R. Martin,A Game of Thrones / A Clash of Kings / A Storm of Swords / A Feast of Crows / A Dance with Dragons,George R. R. Martin
On Writing: A Memoir of the Craft,Stephen King,On Writing: 10th Anniversary Edition: A Memoir of the Craft,Stephen King
Where the Sidewalk Ends,Shel Silverstein,Where the Sidewalk Ends: Poems and Drawings,Shel Silverstein
Where the Wild Things Are,Maurice Sendak,Where the Wild Things Are,Maurice Sendak
One Hundred Years of Solitude,Gabriel García Márquez,One Hundred Years of Solitude (Harper Perennial Modern Classics),Gabriel Garcia Marquez and 
The Lost Hero (The Heroes of Olympus #1),Rick Riordan,The Heroes of Olympus Paperback Boxed Set,Rick Riordan and 
All the Light We Cannot See,Anthony Doerr,All the Light We Cannot See: A Novel,Anthony Doerr
The Total Money Makeover: A Proven Plan for Financial Fitness,Dave Ramsey,The Total Money Makeover: Classic Edition: A Proven Plan for Financial Fitness,Dave Ramsey
Ender's Game (Ender's Saga #1),Orson Scott Card,Ender's Game (The Ender Quartet series Book 1),Orson Scott Card
The Story of Ferdinand,Munro Leaf,The Story of Ferdinand,Munro Leaf and 
Jane Austen: Pride and Prejudice Mansfield Park Persuasion,Jane Austen,Pride and Prejudice,Jane Austen
Quiet: The Power of Introverts in a World That Can't Stop Talking,Susan Cain,Quiet: The Power of Introverts in a World That Can't Stop Talking,Susan Cain
Miss Peregrine’s Home for Peculiar Children (Miss Peregrine’s Peculiar Children #1),Ransom Riggs,Miss Peregrine's Home for Peculiar Children (Miss Peregrine's Peculiar Children),Ransom Riggs
Anne of Green Gables (Anne of Green Gables #1),L.M. Montgomery,Anne of Green Gables: illustrated - first published in 1908 (1st. Page Classics),Lucy Maud Montgomery
A Tale of Two Cities,Charles Dickens,A Tale of Two Cities,Charles Dickens
Blink: The Power of Thinking Without Thinking,Malcolm Gladwell,Blink: The Power of Thinking Without Thinking,Malcolm Gladwell
Fifty Shades of Grey (Fifty Shades #1),E.L. James,Fifty Shades Trilogy (Fifty Shades of Grey / Fifty Shades Darker / Fifty Shades Freed),E L James
Fifty Shades of Grey (Fifty Shades #1),E.L. James,Darker: Fifty Shades Darker as Told by Christian (Fifty Shades of Grey),E L James
The Time Trilogy (A Wrinkle in Time Quintet #1-3),Madeleine L'Engle,A Wrinkle in Time Movie Tie-In Edition (A Wrinkle in Time Quintet),Madeleine L'Engle
The Time Trilogy (A Wrinkle in Time Quintet #1-3),Madeleine L'Engle,A Wrinkle in Time (Time Quintet),Madeleine L'Engle
The Time Trilogy (A Wrinkle in Time Quintet #1-3),Madeleine L'Engle,The Wrinkle in Time Quintet Boxed Set (A Wrinkle in Time A Wind in the Door A Swiftly Tilting Planet Many Waters An Acceptable Time),Madeleine L'Engle
The Time Trilogy (A Wrinkle in Time Quintet #1-3),Madeleine L'Engle,A Wrinkle in Time: The Graphic Novel,Madeleine L'Engle and 
The Time Trilogy (A Wrinkle in Time Quintet #1-3),Madeleine L'Engle,Wrinkle in Time / Wind in the Door / Swiftly Tiltling Planet,Madeleine L'Engle
The Time Trilogy (A Wrinkle in Time Quintet #1-3),Madeleine L'Engle,A Wind in the Door (A Wrinkle in Time Quintet),Madeleine L'Engle
The Time Trilogy (A Wrinkle in Time Quintet #1-3),Madeleine L'Engle,A Wrinkle in Time: 50th Anniversary Commemorative Edition (A Wrinkle in Time Quintet),Madeleine L'Engle
The Time Trilogy (A Wrinkle in Time Quintet #1-3),Madeleine L'Engle,A Swiftly Tilting Planet (A Wrinkle in Time Quintet),Madeleine L'Engle
The Time Trilogy (A Wrinkle in Time Quintet #1-3),Madeleine L'Engle,A Wrinkle in Time (A Wrinkle in Time Quintet Book 1),Madeleine L'Engle
Oh The Places You'll Go!,Dr. Seuss,Oh the Places You'll Go!  ,Dr. Seuss
The Last Olympian (Percy Jackson and the Olympians #5),Rick Riordan,Percy Jackson and the Olympians 5 Book Paperback Boxed Set (new covers w/poster) (Percy Jackson & the Olympians),Rick Riordan and 
The Girl on the Train,Paula Hawkins,The Girl on the Train,Paula Hawkins
The Catcher in the Rye,J.D. Salinger,The Catcher in the Rye,J.D. Salinger
The Catcher in the Rye,J.D. Salinger,The Catcher in the Rye,J.D. Salinger
Ready Player One (Ready Player One #1),Ernest Cline,Ready Player One: A Novel,Ernest Cline
The Little Prince,Antoine de Saint-Exupéry,The Little Prince,Antoine de Saint-Exupry
The Color of Water: A Black Man's Tribute to His White Mother,James McBride,The Color of Water: A Black Man's Tribute to His White Mother,James McBride
Gift from the Sea,Anne Morrow Lindbergh,Gift from the Sea: 50th-Anniversary Edition,Anne Morrow Lindbergh
The Fellowship of the Ring (The Lord of the Rings #1),J.R.R. Tolkien,The Hobbit and the Lord of the Rings (the Hobbit / the Fellowship of the Ring / the Two Towers / the,J.R.R. Tolkien
The Sea of Monsters (Percy Jackson and the Olympians #2),Rick Riordan,Percy Jackson and the Olympians 5 Book Paperback Boxed Set (new covers w/poster) (Percy Jackson & the Olympians),Rick Riordan and 
The Old Man and the Sea,Ernest Hemingway,The Old Man and The Sea,Ernest Hemingway
A Feast for Crows (A Song of Ice and Fire #4),George R.R. Martin,A Game of Thrones / A Clash of Kings / A Storm of Swords / A Feast of Crows / A Dance with Dragons,George R. R. Martin
The Handmaid's Tale,Margaret Atwood,The Handmaid's Tale,Margaret Atwood
Fox in Socks,Dr. Seuss,Dr. Seuss's Beginner Book Collection (Cat in the Hat One Fish Two Fish Green Eggs and Ham Hop on Pop Fox in Socks),Seuss
Fox in Socks,Dr. Seuss,Fox in Socks (Beginner Books),Dr. Seuss and 
The Battle of the Labyrinth (Percy Jackson and the Olympians #4),Rick Riordan,Percy Jackson and the Olympians 5 Book Paperback Boxed Set (new covers w/poster) (Percy Jackson & the Olympians),Rick Riordan and 
The Titan's Curse (Percy Jackson and the Olympians #3),Rick Riordan,Percy Jackson and the Olympians 5 Book Paperback Boxed Set (new covers w/poster) (Percy Jackson & the Olympians),Rick Riordan and 
The Great Gatsby,F. Scott Fitzgerald,The Great Gatsby,F. Scott Fitzgerald
A New Earth: Awakening to Your Life's Purpose,Eckhart Tolle,A New Earth: Awakening to Your Life's Purpose (Oprah's Book Club Selection 61),Eckhart Tolle
Goodnight Moon,Margaret Wise Brown,Goodnight Moon,Margaret Wise Brown and 
Fall of Giants (The Century Trilogy #1),Ken Follett,Fall of Giants: Book One of the Century Trilogy,Ken Follett
Rich Dad Poor Dad,Robert T. Kiyosaki,Rich Dad Poor Dad: What the Rich Teach Their Kids About Money That the Poor and Middle Class Do Not!,Robert T. Kiyosaki
The Little House Collection (Little House #1-9),Laura Ingalls Wilder,The Little House (9 Volumes Set),Laura Ingalls Wilder and 
The Complete Calvin and Hobbes,Bill Watterson,The Complete Calvin and Hobbes,Bill Watterson
The Lord of the Rings (The Lord of the Rings #1-3),J.R.R. Tolkien,The Hobbit and the Lord of the Rings (the Hobbit / the Fellowship of the Ring / the Two Towers / the,J.R.R. Tolkien
Mere Christianity and The Screwtape Letters,C.S. Lewis,The Screwtape Letters,C. S. Lewis
The Universe in a Nutshell,Stephen Hawking,The Universe in a Nutshell,Stephen William Hawking
The Westing Game,Ellen Raskin,The Westing Game (Puffin Modern Classics),Ellen Raskin
Harry Potter and the Chamber of Secrets (Harry Potter #2),J.K. Rowling,Harry Potter and the Chamber of Secrets: The Illustrated Edition (Harry Potter Book 2),J.K. Rowling and 
Harry Potter and the Chamber of Secrets (Harry Potter #2),J.K. Rowling,Harry Potter And The Chamber Of Secrets,J. K. Rowling and 
The Light Between Oceans,M.L. Stedman,The Light Between Oceans: A Novel,M.L. Stedman
